"chr","length","A","T","G","C","N","other","N_ratio","GC_ratio"
"1",248956422,67070277,67244164,48111528,48055043,18475408,2,0.0742114,0.4172429
"cds_1",3611401,857802,858206,945956,949437,0,0,0,0.5248359
"2",242193529,71791213,71987932,48450903,48318180,1645292,9,0.0067933,0.4022856
"cds_2",2624206,660419,667775,647289,648723,0,0,0,0.4938682
"3",198295559,59689091,59833302,39344259,39233483,195417,7,0.0009855,0.3966567
"cds_3",2031404,500265,506303,513308,511528,0,0,0,0.5044964
"4",190214555,58561236,58623430,36331025,36236976,461888,0,0.0024282,0.3824347
"cds_4",1417156,371708,369262,336476,339710,0,0,0,0.477143
"5",181538259,54699094,54955010,35879674,35731600,272881,0,0.0015032,0.3950632
"cds_5",1626801,412157,400312,409154,405178,0,0,0,0.5005726
"6",170805979,51345477,51373025,33713330,33646690,727456,1,0.004259,0.3960525
"cds_6",1793450,442364,443288,451847,455951,0,0,0,0.5061741
"7",159345973,47058248,47215040,32378859,32317984,375838,4,0.0023586,0.4069748
"cds_7",1687332,408030,401863,435804,441635,0,0,0,0.5200156
"8",145138636,43333530,43300646,29103787,29030173,370500,0,0.0025527,0.401566
"cds_8",1209888,291684,293731,311559,312914,0,0,0,0.5161412
"9",138394717,35736329,35783748,25170662,25099811,16604164,3,0.1199769,0.4127617
"cds_9",1438841,338805,335278,382684,382074,0,0,0,0.5315097
"10",133797422,38875926,39027555,27719976,27639505,534424,36,0.0039943,0.4154152
"cds_10",1382675,339121,338348,352610,352596,0,0,0,0.5100302
"11",135086622,39286730,39361954,27981801,27903257,552880,0,0.0040928,0.4153981
"cds_11",2117394,491867,489811,567653,568063,0,0,0,0.5363744
"12",133275309,39370109,39492225,27182678,27092804,137490,3,0.0010316,0.4076639
"cds_12",1854327,450172,456804,472241,475110,0,0,0,0.5108867
"13",114364328,30047611,30162717,18933605,18839192,16381200,3,0.143237,0.3855031
"cds_13",646336,166866,170272,154051,155147,0,0,0,0.4783859
"14",107043718,26673415,26911943,18559033,18423758,16475569,0,0.1539144,0.4083421
"cds_14",1168819,281998,283867,301467,301487,0,0,0,0.515866
"15",101991189,24508669,24553812,17825903,17752941,17349864,0,0.1701114,0.4203484
"cds_15",1231160,296033,296723,317383,321021,0,0,0,0.5185386
"16",90338345,22558319,22774906,18299976,18172742,8532401,1,0.0944494,0.4458444
"cds_16",1519358,324828,325537,434221,434772,0,0,0,0.5719475
"17",83257441,22639499,22705261,18851500,18723944,337225,12,0.0040504,0.4531518
"cds_17",2052816,446778,457463,570401,578174,0,0,0,0.5595119
"18",80373285,24050680,24182819,16061651,15794455,283680,0,0.0035295,0.3977558
"cds_18",564173,144943,141020,138246,139964,0,0,0,0.4931289
"19",58617616,15142293,15282753,14061132,13954580,176858,0,0.0030171,0.4793865
"cds_19",2367227,496420,497912,688371,684524,0,0,0,0.5799592
"20",64444167,17867246,18066406,14094472,13916133,499910,0,0.0077573,0.4380472
"cds_20",845712,187318,185205,238056,235133,0,0,0,0.5595155
"21",46709983,11820664,11856330,8226381,8185244,6621361,3,0.1417547,0.4093836
"cds_21",354605,84135,82416,93725,94329,0,0,0,0.5303197
"22",50818468,10382214,10370725,9246186,9160652,11658686,5,0.2294183,0.4700444
"cds_22",755905,158230,156212,219690,221773,0,0,0,0.5840192
"X",156040895,46754807,46916701,30697741,30523780,1147861,5,0.0073562,0.3952503
"cds_X",1353301,327792,332064,345448,347997,0,0,0,0.51241
"Y",57227415,7886192,7956168,5286894,5285789,30812367,5,0.5384197,0.4002523
"cds_Y",70023,19200,18375,16663,15785,0,0,0,0.4633906
"MT",16560,5121,4092,2167,5179,1,0,6.04e-05,0.4436258
"cds_MT",11327,3363,2866,1330,3768,0,0,0,0.450075
